{
    "below_dining_table":[
        {
            "model":"krtwsl",
            "translate":[0.6630906395456584, -1.179802248913503e-15, 0.048512249382243],
            "orientation":[0.5955, 0.40924, 0.5965, -0.34942]
            
        }
    ]
}