{
    "front_desk":[
        {
            "model":"ygrams",
            "translate":[0.7218999284861194, -3.099652226259938, 0.12132494613111472],
            "orientation":[0.38497, 0.5283, -0.40501, 0.63927]
            
        }
    ]
}