{
    "beside_bar_chair":[
        {
            "model":"feakpw",
            "translate":[0.024576986966163932, 0.8401020007795325, 0.06114234490990737],
            "orientation":[0.24859, -0.23606, -0.67825, 0.64996]
            
        }
    ]
}