{
    "on_book_shelf":[
        {
            "model":"qkczyc",
            "translate":[1.3675509183022345, -3.838083147227036, 0.8723784379060473],
            "orientation":[1.0, 0, 0, 0],
            "scale": [0.7, 0.7, 1.0]
        },
        {
            "model":"qkczyc",
            "translate":[1.3675509183022345, -3.838083147227036, 0.8723784379060473],
            "orientation":[1.0, 0, 0, 0],
            "scale": [0.7, 0.7, 1.0]
        },
        {
            "model":"qkczyc",
            "translate":[1.3675509183022345, -3.838083147227036, 0.8723784379060473],
            "orientation":[1.0, 0, 0, 0],
            "scale": [0.7, 0.7, 1.0]
        }
    ]
}