{
    "open":[
        {
            "model":"fckzgw",
            "translate":[1.5050363016591253, -3.742074669325828, 0.34253477494156065],
            "orientation":[0.46664, 0.52709, -0.43532, 0.56118],
            "scale": [0.6, 1.0, 1.0]
        }
    ]
}