{
    "where":[
        {
            "model":"sommfe",
            "translate":[1.6776716185897218, -3.809273627220086, 0.3969724791322924],
            "orientation":[0.71728, 0, -0.69679, 0],
            "scale":[0.7, 0.7, 2.0]
        },
        {
            "model":"sommfe",
            "translate":[1.6215026880594297, -3.8092736272199703, 0.3969724791322832],
            "orientation":[0.71728, 0, -0.69679, 0],
            "scale":[0.7, 0.7, 2.0]
        }
    ]
}