{
    "front_shelf":[
        {
            "model":"enfumt",
            "translate":[1.1275725234442273, -3.310809951978905, 0.03491557084455702],
            "orientation":[0.71338, 0.42774, 0.52642, 0.17607]
        }
    ]
}