{
    "below_sofa":[
        {
            "model":"aoziug",
            "translate":[-1.0410030283641423, -0.5061506410213554, 0.22390075050003203],
            "orientation":[0.87876, -0.09071, 0.14673, 0.44499]
            
        }
    ]
}