{
    "below_sofa":[
        {
            "model":"aoziug",
            "translate":[-1.0410030283641423, -0.5061506410213554, 0.22390075050003203],
            "orientation":[0.87876, -0.09071, 0.14673, 0.44499]
            
        },
        {
            "model":"aoziug",
            "translate":[-1.384112755445946, -1.598136589985584, 0.8058255965910137],
            "orientation":[0.93091, 0.00246, 0.36522, -0.00329]
            
        }
    ]
}