{
    "on_dining_table":[
        {
            "model":"akfjxx",
            "translate":[1.4467689616678308, 0, 0.7843459144708441],
            "orientation":[1.0, 0, 0, 0]
            
        }
    ]
}