{
    "front_desk":[
        {
            "model":"ygrams",
            "translate": [1.1497170227799594, -2.6758919434721062, 0.12132494613111441],
            "orientation":[0.38497, 0.5283, -0.40501, 0.63927]
            
        }
    ]
}