{
    "on_dining_table":[
        {
            "model":"mwhrhm",
            "translate":[1.2411171405919008, 0.36257445395445376, 0.94519],
            "orientation":[1.0, 0, 0, 0]
            
        }
    ]
}