{
    "front_door":[
        {
            "model":"vqnsmw",
            "translate":[1.1543338449841707, 2.7494697602749736, 0.024072587833295717],
            "orientation":[0.88597, 0, 0, 0.46374]
            
        },
        {
            "model":"rqcqvu",
            "translate":[1.0505470375756032, 2.9532326044765105, 0.042126104051749394],
            "orientation":[0.47393, -0.81199, -0.04587, 0.33756]
            
        },
        {
            "model":"xmzxqj",
            "translate":[1.2413116159336768, 2.9902988376774573, -0.015989012053284],
            "orientation":[0.90714, 0, 0, -0.42084]
            
        }
    ]
}