{
    "on_dining_table":[
        {
            "model":"luhkiz",
            "translate":[1.4467689616678308, 0.08430714231721223, 0.7843459144708441],
            "orientation":[1.0, 0, 0, 0]
            
        },
        {
            "model":"akfjxx",
            "translate":[1.2411171405919008, 0.36257445395445376, 0.78481089934536],
            "orientation":[1.0, 0, 0, 0]
            
        }
    ]
}