{
    "beside_bar_chair":[
        {
            "model":"lfxtqa",
            "translate":[-0.4188623616317896, 1.43442, 1.1334176722777451],
            "orientation":[0.64879, 0.76097, 0, 0]
            
        }
    ]
}